{
  "assetsByChunkName": {
    "vendors~app-account~app-checkout~app-confirmation~app-order": "chunk.73c39180aaf86d92d234.js",
    "vendors~app-account~app-confirmation~app-order": "chunk.f97fef391928d0ea3bb6.js",
    "vendors~app-account~app-checkout": "chunk.831028f228d4a0961a1b.js",
    "admin": [
      "admin.0c47732a5e93fb6dc51b.js",
      "admin.0c47732a5e93fb6dc51b.js.map"
    ],
    "app-account": "chunk.8a13a0e926ac0b384e4e.js",
    "app-cart": "chunk.2bea47aa6cc0f7923248.js",
    "app-checkout": "chunk.0d68460a3d924d7c191d.js",
    "app-confirmation": "chunk.3713c0f0db05f8cb2061.js",
    "app-order": "chunk.27086ee49b8684bea79f.js",
    "check-group": [
      "check-group.016eb928da225cba5b46.js",
      "check-group.016eb928da225cba5b46.js.map"
    ],
    "checkout": [
      "checkout.de1d0aca1c45c7ec75d5.js",
      "checkout.de1d0aca1c45c7ec75d5.js.map"
    ],
    "storefront": [
      "storefront.b6e571597c4ffd338ba2.css",
      "storefront.c0550cca8dc818f0859e.js",
      "storefront.b6e571597c4ffd338ba2.css.map",
      "storefront.c0550cca8dc818f0859e.js.map"
    ],
    "vendors~app-cart": "chunk.a9c1c329d2a86703d07a.js",
    "vendors~app-checkout": "chunk.7f0c17dbb2f70d1d0bd3.js"
  }
}