{
  "meta_title": "",
  "meta_description": "",
  "sections": [
    {
      "type": "apx_banners-grid",
      "grid": "1",
      "visibility": "d-block d-md-block",
      "banners": [
        {
          "desktop": {
            "mask_opacity": 0,
            "img": "/img/uploads/sem-nome-1300-x-500-px-1-.jpg"
          },
          "mobile": {
            "mask_opacity": 0,
            "img": "/img/uploads/sem-nome-1300-x-500-px-1-.jpg"
          }
        }
      ],
      "breakline": "false",
      "container": "container",
      "spacing": {
        "container": "container",
        "desktop": {
          "margin_top": "4",
          "margin_bottom": "0",
          "padding_bottom": "0"
        },
        "mobile": {
          "margin_top": "3",
          "margin_bottom": "3"
        }
      }
    },
    {
      "type": "collection-shelf",
      "shuffle": false,
      "limit": 12,
      "page": 1,
      "collection_id": "661838d70fc534303df97046:categories:CLASSICAL CONVERSATIONS :/classical-conversations-",
      "title": "Classical Press + CC"
    },
    {
      "type": "collection-shelf",
      "shuffle": false,
      "limit": 12,
      "page": 1,
      "collection_id": "66182a750fc534303df951b1:categories:EDUCAÇÃO CRISTÃ:/educacao-crista",
      "title": "Educação"
    }
  ]
}